geo,gender,year,immigrant_stock
bdi,male,1990,163267
com,male,1990,6717
dji,male,1990,64242
eri,male,1990,6228
eth,male,1990,607284
ken,male,1990,161259
mdg,male,1990,13348
mwi,male,1990,546520
mus,male,1990,1763
myt,male,1990,8780
moz,male,1990,66060
reu,male,1990,30724
rwa,male,1990,80763
syc,male,1990,2204
som,male,1990,244201
uga,male,1990,283337
tza,male,1990,283390
zmb,male,1990,143029
zwe,male,1990,356240
ago,male,1990,18142
cmr,male,1990,145869
caf,male,1990,35686
tcd,male,1990,40133
cog,male,1990,64316
cod,male,1990,363117
gnq,male,1990,1465
gab,male,1990,73172
stp,male,1990,2953
bwa,male,1990,16614
swz,male,1990,39905
lso,male,1990,4318
nam,male,1990,63748
zaf,male,1990,717227
ben,male,1990,40418
bfa,male,1990,167834
cpv,male,1990,4429
civ,male,1990,1011749
gmb,male,1990,66306
gha,male,1990,83030
gin,male,1990,201260
gnb,male,1990,7689
lbr,male,1990,53924
mli,male,1990,82049
mrt,male,1990,57569
ner,male,1990,55222
nga,male,1990,256166
shn,male,1990,110
sen,male,1990,138840
sle,male,1990,122898
tgo,male,1990,42903
dza,male,1990,150234
egy,male,1990,91995
lby,male,1990,242707
mar,male,1990,29024
sdn,male,1990,696385
tun,male,1990,18900
esh,male,1990,1465
arm,male,1990,270535
aze,male,1990,157856
bhr,male,1990,122730
cyp,male,1990,20463
geo,male,1990,133285
irq,male,1990,55751
isr,male,1990,770777
jor,male,1990,586473
kwt,male,1990,654878
lbn,male,1990,267922
omn,male,1990,242477
qat,male,1990,225932
sau,male,1990,3324873
pse,male,1990,132101
syr,male,1990,364077
tur,male,1990,577329
are,male,1990,931959
yem,male,1990,67010
kaz,male,1990,1666164
kgz,male,1990,260416
tjk,male,1990,187972
tkm,male,1990,134174
uzb,male,1990,723618
afg,male,1990,32558
bgd,male,1990,476097
btn,male,1990,19409
ind,male,1990,3967470
irn,male,1990,2456700
mdv,male,1990,4777
npl,male,1990,125966
pak,male,1990,3264380
lka,male,1990,23423
chn,male,1990,191954
hkg,male,1990,1124544
mac,male,1990,96379
prk,male,1990,17393
jpn,male,1990,538765
mng,male,1990,3419
kor,male,1990,24349
brn,male,1990,41856
khm,male,1990,19084
idn,male,1990,229885
lao,male,1990,11806
mys,male,1990,405808
mmr,male,1990,72310
phl,male,1990,81347
sgp,male,1990,345842
tha,male,1990,283486
tls,male,1990,4450
vnm,male,1990,15230
aia,male,1990,1258
atg,male,1990,5775
abw,male,1990,6429
bhs,male,1990,13827
brb,male,1990,10065
vgb,male,1990,4126
bes,male,1990,17257
cym,male,1990,4587
cub,male,1990,17278
dma,male,1990,1309
dom,male,1990,181677
grd,male,1990,2106
glp,male,1990,32718
hti,male,1990,10606
jam,male,1990,9981
mtq,male,1990,19091
msr,male,1990,1029
pri,male,1990,153354
kna,male,1990,1642
lca,male,1990,2618
vct,male,1990,1928
tto,male,1990,23528
tca,male,1990,2620
vir,male,1990,24824
blz,male,1990,16393
cri,male,1990,212173
slv,male,1990,22218
gtm,male,1990,112615
hnd,male,1990,137573
mex,male,1990,348353
nic,male,1990,20860
pan,male,1990,33148
arg,male,1990,788130
bol,male,1990,37549
bra,male,1990,426147
chl,male,1990,54547
col,male,1990,53109
ecu,male,1990,38531
flk,male,1990,488
guf,male,1990,34843
guy,male,1990,2200
pry,male,1990,102816
per,male,1990,28376
sur,male,1990,9767
ury,male,1990,45830
ven,male,1990,517579
aus,male,1990,2013196
nzl,male,1990,258223
fji,male,1990,6847
ncl,male,1990,20885
png,male,1990,19362
slb,male,1990,2349
vut,male,1990,1269
gum,male,1990,39364
kir,male,1990,1107
mhl,male,1990,721
fsm,male,1990,2099
nru,male,1990,1506
mnp,male,1990,14261
plw,male,1990,1800
asm,male,1990,11175
cok,male,1990,1443
pyf,male,1990,15444
niu,male,1990,245
wsm,male,1990,1771
tkl,male,1990,150
ton,male,1990,1488
tuv,male,1990,180
wlf,male,1990,726
blr,male,1990,572021
bgr,male,1990,9047
cze,male,1990,57405
hun,male,1990,156185
pol,male,1990,482176
mda,male,1990,238053
rou,male,1990,57601
rus,male,1990,5655422
svk,male,1990,18187
ukr,male,1990,2953603
chanisl,male,1990,29005
dnk,male,1990,114411
est,male,1990,171691
fro,male,1990,2440
fin,male,1990,31682
isl,male,1990,4248
irl,male,1990,112093
gbm,male,1990,16371
lva,male,1990,290800
ltu,male,1990,164585
nor,male,1990,99562
swe,male,1990,383085
gbr,male,1990,1756448
alb,male,1990,30579
and,male,1990,20990
bih,male,1990,26538
hrv,male,1990,222531
gib,male,1990,4528
grc,male,1990,330038
hos,male,1990,376
ita,male,1990,642414
mlt,male,1990,7012
mkd,male,1990,39661
prt,male,1990,209922
smr,male,1990,1728
srb,male,1990,46712
svn,male,1990,89514
esp,male,1990,390448
aut,male,1990,368287
bel,male,1990,654543
fra,male,1990,2999376
deu,male,1990,3293128
lie,male,1990,5956
lux,male,1990,56062
mco,male,1990,9471
nld,male,1990,592343
che,male,1990,701110
bmu,male,1990,7557
can,male,1990,2109652
grl,male,1990,6472
spm,male,1990,560
usa,male,1990,11372985
bdi,male,1995,124165
com,male,1995,6614
dji,male,1995,52476
eri,male,1995,6542
eth,male,1995,424117
ken,male,1995,322189
mdg,male,1995,11901
mwi,male,1995,116198
mus,male,1995,3228
myt,male,1995,14679
moz,male,1995,91210
reu,male,1995,40710
rwa,male,1995,109783
syc,male,1995,3021
som,male,1995,10282
uga,male,1995,308281
tza,male,1995,547089
zmb,male,1995,125329
zwe,male,1995,246013
ago,male,1995,20755
cmr,male,1995,133945
caf,male,1995,52975
tcd,male,1995,48298
cog,male,1995,95822
cod,male,1995,901379
gnq,male,1995,1930
gab,male,1995,97800
stp,male,1995,2548
bwa,male,1995,23517
swz,male,1995,18701
lso,male,1995,3827
nam,male,1995,61310
zaf,male,1995,611083
ben,male,1995,56304
bfa,male,1995,223156
cpv,male,1995,5091
civ,male,1995,1150710
gmb,male,1995,82048
gha,male,1995,127423
gin,male,1995,386537
gnb,male,1995,13833
lbr,male,1995,111647
mli,male,1995,90871
mrt,male,1995,47015
ner,male,1995,69751
nga,male,1995,258091
shn,male,1995,70
sen,male,1995,147165
sle,male,1995,55937
tgo,male,1995,50727
dza,male,1995,143696
egy,male,1995,88545
lby,male,1995,300906
mar,male,1995,26264
sdn,male,1995,525701
tun,male,1995,19045
esh,male,1995,1651
arm,male,1995,284995
aze,male,1995,149509
bhr,male,1995,144227
cyp,male,1995,27604
geo,male,1995,66643
irq,male,1995,114821
isr,male,1995,830330
jor,male,1995,784725
kwt,male,1995,591452
lbn,male,1995,310613
omn,male,1995,417444
qat,male,1995,269972
sau,male,1995,3416485
pse,male,1995,128328
syr,male,1995,423115
tur,male,1995,593938
are,male,1995,1309868
yem,male,1995,77832
kaz,male,1995,1497455
kgz,male,1995,216638
tjk,male,1995,151894
tkm,male,1995,132122
uzb,male,1995,657490
afg,male,1995,39105
bgd,male,1995,503989
btn,male,1995,22804
ind,male,1995,3608978
irn,male,1995,1705972
mdv,male,1995,9243
npl,male,1995,217088
pak,male,1995,1951223
lka,male,1995,22689
chn,male,1995,223018
hkg,male,1995,1175087
mac,male,1995,103660
prk,male,1995,17562
jpn,male,1995,680212
mng,male,1995,3959
kor,male,1995,70758
brn,male,1995,47832
khm,male,1995,45361
idn,male,1995,191600
lao,male,1995,12199
mys,male,1995,534964
mmr,male,1995,61489
phl,male,1995,107524
sgp,male,1995,456411
tha,male,1995,426290
tls,male,1995,4763
vnm,male,1995,28187
aia,male,1995,1584
atg,male,1995,8046
abw,male,1995,9974
bhs,male,1995,16620
brb,male,1995,11235
vgb,male,1995,5034
bes,male,1995,18830
cym,male,1995,6339
cub,male,1995,12559
dma,male,1995,1623
dom,male,1995,198842
grd,male,1995,2746
glp,male,1995,36248
hti,male,1995,10076
jam,male,1995,11242
mtq,male,1995,22271
msr,male,1995,825
pri,male,1995,160739
kna,male,1995,2196
lca,male,1995,3563
vct,male,1995,2011
tto,male,1995,21303
tca,male,1995,3643
vir,male,1995,25760
blz,male,1995,17512
cri,male,1995,184485
slv,male,1995,18564
gtm,male,1995,66913
hnd,male,1995,76077
mex,male,1995,229589
nic,male,1995,13364
pan,male,1995,36740
arg,male,1995,753027
bol,male,1995,42806
bra,male,1995,396152
chl,male,1995,69632
col,male,1995,54666
ecu,male,1995,57879
flk,male,1995,510
guf,male,1995,36869
guy,male,1995,3405
pry,male,1995,97869
per,male,1995,28062
sur,male,1995,12091
ury,male,1995,43427
ven,male,1995,513473
aus,male,1995,2093280
nzl,male,1995,289230
fji,male,1995,6726
ncl,male,1995,23908
png,male,1995,19832
slb,male,1995,2328
vut,male,1995,1295
gum,male,1995,38822
kir,male,1995,1139
mhl,male,1995,916
fsm,male,1995,2119
nru,male,1995,1395
mnp,male,1995,15847
plw,male,1995,2808
asm,male,1995,12037
cok,male,1995,1497
pyf,male,1995,16689
niu,male,1995,257
wsm,male,1995,2451
tkl,male,1995,147
ton,male,1995,1718
tuv,male,1995,148
wlf,male,1995,872
blr,male,1995,543307
bgr,male,1995,13642
cze,male,1995,88316
hun,male,1995,147202
pol,male,1995,404049
mda,male,1995,155297
rou,male,1995,60443
rus,male,1995,5925452
svk,male,1995,30531
ukr,male,1995,2644845
chanisl,male,1995,28468
dnk,male,1995,147194
est,male,1995,136268
fro,male,1995,1575
fin,male,1995,49575
isl,male,1995,5727
irl,male,1995,108084
gbm,male,1995,17548
lva,male,1995,234216
ltu,male,1995,128641
nor,male,1995,117222
swe,male,1995,450945
gbr,male,1995,1978711
alb,male,1995,33284
and,male,1995,23588
bih,male,1995,33115
hrv,male,1995,315733
gib,male,1995,4196
grc,male,1995,445004
hos,male,1995,379
ita,male,1995,809553
mlt,male,1995,8366
mkd,male,1995,45581
prt,male,1995,259337
smr,male,1995,1940
srb,male,1995,390134
svn,male,1995,90255
esp,male,1995,499114
aut,male,1995,423302
bel,male,1995,651788
fra,male,1995,3046083
deu,male,1995,3898397
lie,male,1995,7068
lux,male,1995,62292
mco,male,1995,9955
nld,male,1995,668236
che,male,1995,769043
bmu,male,1995,8044
can,male,1995,2356105
grl,male,1995,4875
spm,male,1995,682
usa,male,1995,14032159
bdi,male,2000,61094
com,male,2000,6511
dji,male,2000,52920
eri,male,2000,6856
eth,male,2000,322219
ken,male,2000,352933
mdg,male,2000,13276
mwi,male,2000,111530
mus,male,2000,5705
myt,male,2000,23546
moz,male,2000,103175
reu,male,2000,52264
rwa,male,2000,175741
syc,male,2000,3837
som,male,2000,10628
uga,male,2000,290859
tza,male,2000,481816
zmb,male,2000,175114
zwe,male,2000,233881
ago,male,2000,23367
cmr,male,2000,124008
caf,male,2000,65636
tcd,male,2000,56463
cog,male,2000,153107
cod,male,2000,365092
gnq,male,2000,2394
gab,male,2000,122986
stp,male,2000,2212
bwa,male,2000,43840
swz,male,2000,17921
lso,male,2000,3335
nam,male,2000,73154
zaf,male,2000,607602
ben,male,2000,72190
bfa,male,2000,250555
cpv,male,2000,5753
civ,male,2000,1198496
gmb,male,2000,97138
gha,male,2000,97279
gin,male,2000,279108
gnb,male,2000,10155
lbr,male,2000,82129
mli,male,2000,97752
mrt,male,2000,31163
ner,male,2000,58192
nga,male,2000,270211
shn,male,2000,61
sen,male,2000,121492
sle,male,2000,54184
tgo,male,2000,69112
dza,male,2000,137158
egy,male,2000,98224
lby,male,2000,368950
mar,male,2000,27233
sdn,male,2000,404618
tun,male,2000,18679
esh,male,2000,1837
arm,male,2000,270170
aze,male,2000,141161
bhr,male,2000,165344
cyp,male,2000,34745
geo,male,2000,33321
irq,male,2000,120464
isr,male,2000,853712
jor,male,2000,982977
kwt,male,2000,761512
lbn,male,2000,353305
omn,male,2000,488389
qat,male,2000,274242
sau,male,2000,3517768
pse,male,2000,124555
syr,male,2000,427981
tur,male,2000,616007
are,male,2000,1757200
yem,male,2000,80514
kaz,male,2000,1323580
kgz,male,2000,162927
tjk,male,2000,131653
tkm,male,2000,102810
uzb,male,2000,606163
afg,male,2000,42848
bgd,male,2000,531907
btn,male,2000,26200
ind,male,2000,3303591
irn,male,2000,1662264
mdv,male,2000,14907
npl,male,2000,241959
pak,male,2000,2249960
lka,male,2000,21971
chn,male,2000,254082
hkg,male,2000,1225629
mac,male,2000,109391
prk,male,2000,17731
jpn,male,2000,796928
mng,male,2000,4564
kor,male,2000,143212
brn,male,2000,53807
khm,male,2000,71638
idn,male,2000,153315
lao,male,2000,11564
mys,male,2000,822679
mmr,male,2000,52150
phl,male,2000,161904
sgp,male,2000,601671
tha,male,2000,647728
tls,male,2000,5095
vnm,male,2000,32825
aia,male,2000,1910
atg,male,2000,10316
abw,male,2000,13519
bhs,male,2000,19414
brb,male,2000,12405
vgb,male,2000,6386
bes,male,2000,20402
cym,male,2000,9671
cub,male,2000,7840
dma,male,2000,1955
dom,male,2000,216008
grd,male,2000,3386
glp,male,2000,39778
hti,male,2000,9572
jam,male,2000,12503
mtq,male,2000,25451
msr,male,2000,622
pri,male,2000,168480
kna,male,2000,3068
lca,male,2000,4960
vct,male,2000,2099
tto,male,2000,19288
tca,male,2000,4665
vir,male,2000,26730
blz,male,2000,18631
cri,male,2000,156798
slv,male,2000,14909
gtm,male,2000,21211
hnd,male,2000,14581
mex,male,2000,270896
nic,male,2000,15423
pan,male,2000,42437
arg,male,2000,717924
bol,male,2000,47665
bra,male,2000,366156
chl,male,2000,84717
col,male,2000,56223
ecu,male,2000,77227
flk,male,2000,636
guf,male,2000,38895
guy,male,2000,4611
pry,male,2000,92052
per,male,2000,32839
sur,male,2000,14938
ury,male,2000,41095
ven,male,2000,508682
aus,male,2000,2189900
nzl,male,2000,329927
fji,male,2000,6601
ncl,male,2000,26932
png,male,2000,15874
slb,male,2000,2224
vut,male,2000,1320
gum,male,2000,38280
kir,male,2000,1188
mhl,male,2000,1164
fsm,male,2000,1721
nru,male,2000,1283
mnp,male,2000,17387
plw,male,2000,3905
asm,male,2000,12898
cok,male,2000,1552
pyf,male,2000,17604
niu,male,2000,268
wsm,male,2000,3101
tkl,male,2000,144
ton,male,2000,1981
tuv,male,2000,121
wlf,male,2000,1018
blr,male,2000,514593
bgr,male,2000,18238
cze,male,2000,119227
hun,male,2000,138219
pol,male,2000,338323
mda,male,2000,101097
rou,male,2000,63121
rus,male,2000,5982851
svk,male,2000,51253
ukr,male,2000,2368364
chanisl,male,2000,30234
dnk,male,2000,179977
est,male,2000,100844
fro,male,2000,1921
fin,male,2000,67469
isl,male,2000,7207
irl,male,2000,172959
gbm,male,2000,18725
lva,male,2000,177632
ltu,male,2000,100546
nor,male,2000,144826
swe,male,2000,480211
gbr,male,2000,2228628
alb,male,2000,35990
and,male,2000,22093
bih,male,2000,39691
hrv,male,2000,274823
gib,male,2000,3865
grc,male,2000,559794
hos,male,2000,379
ita,male,2000,976691
mlt,male,2000,10289
mkd,male,2000,52385
prt,male,2000,320319
smr,male,2000,2175
srb,male,2000,437602
svn,male,2000,114772
esp,male,2000,838058
aut,male,2000,478318
bel,male,2000,636275
fra,male,2000,3092789
deu,male,2000,4503666
lie,male,2000,7980
lux,male,2000,69286
mco,male,2000,10458
nld,male,2000,765302
che,male,2000,841855
bmu,male,2000,8531
can,male,2000,2659135
grl,male,2000,4616
spm,male,2000,756
usa,male,2000,17310785
bdi,male,2005,84805
com,male,2005,6286
dji,male,2005,51315
eri,male,2005,7729
eth,male,2005,269725
ken,male,2005,400364
mdg,male,2005,14744
mwi,male,2005,105931
mus,male,2005,8943
myt,male,2005,31364
moz,male,2005,127908
reu,male,2005,59196
rwa,male,2005,213279
syc,male,2005,5820
som,male,2005,11047
uga,male,2005,292130
tza,male,2005,486983
zmb,male,2005,128628
zwe,male,2005,229254
ago,male,2005,30240
cmr,male,2005,146129
caf,male,2005,50236
tcd,male,2005,159715
cog,male,2005,173229
cod,male,2005,302290
gnq,male,2005,3564
gab,male,2005,135107
stp,male,2005,1727
bwa,male,2005,49132
swz,male,2005,17369
lso,male,2005,3402
nam,male,2005,57625
zaf,male,2005,782272
ben,male,2005,107882
bfa,male,2005,285871
cpv,male,2005,6523
civ,male,2005,1254690
gmb,male,2005,96230
gha,male,2005,156778
gin,male,2005,111738
gnb,male,2005,10298
lbr,male,2005,51183
mli,male,2005,132244
mrt,male,2005,32588
ner,male,2005,59170
nga,male,2005,564384
shn,male,2005,85
sen,male,2005,124854
sle,male,2005,76621
tgo,male,2005,103055
dza,male,2005,108266
egy,male,2005,165211
lby,male,2005,445597
mar,male,2005,27543
sdn,male,2005,278084
tun,male,2005,18000
esh,male,2005,2224
arm,male,2005,191401
aze,male,2005,135336
bhr,male,2005,288614
cyp,male,2005,50421
geo,male,2005,31655
irq,male,2005,80883
isr,male,2005,867805
jor,male,2005,1183645
kwt,male,2005,918580
lbn,male,2005,390331
omn,male,2005,527842
qat,male,2005,498428
sau,male,2005,4469805
pse,male,2005,119621
syr,male,2005,450438
tur,male,2005,618938
are,male,2005,2388299
yem,male,2005,98879
kaz,male,2005,1472820
kgz,male,2005,128064
tjk,male,2005,121403
tkm,male,2005,101214
uzb,male,2005,589690
afg,male,2005,49274
bgd,male,2005,621228
btn,male,2005,32742
ind,male,2005,3045849
irn,male,2005,1410319
mdv,male,2005,27079
npl,male,2005,235203
pak,male,2005,1708514
lka,male,2005,21318
chn,male,2005,379920
hkg,male,2005,1185121
mac,male,2005,130387
prk,male,2005,19749
jpn,male,2005,931198
mng,male,2005,7577
kor,male,2005,284305
brn,male,2005,55265
khm,male,2005,57511
idn,male,2005,165493
lao,male,2005,10930
mys,male,2005,1133541
mmr,male,2005,44506
phl,male,2005,133023
sgp,male,2005,758762
tha,male,2005,1086166
tls,male,2005,5578
vnm,male,2005,31106
aia,male,2005,2210
atg,male,2005,11052
abw,male,2005,14559
bhs,male,2005,23646
brb,male,2005,13575
vgb,male,2005,7401
bes,male,2005,21730
cym,male,2005,10515
cub,male,2005,5252
dma,male,2005,2491
dom,male,2005,228180
grd,male,2005,3424
glp,male,2005,41273
hti,male,2005,9093
jam,male,2005,12263
mtq,male,2005,25891
msr,male,2005,639
pri,male,2005,166780
kna,male,2005,3501
lca,male,2005,4843
vct,male,2005,2198
sxm,male,2005,6285
tto,male,2005,20647
tca,male,2005,6787
vir,male,2005,26726
blz,male,2005,21045
cri,male,2005,176335
slv,male,2005,17029
gtm,male,2005,26064
hnd,male,2005,14444
mex,male,2005,359642
nic,male,2005,17773
pan,male,2005,59812
arg,male,2005,774810
bol,male,2005,56019
bra,male,2005,343019
chl,male,2005,131414
col,male,2005,55706
ecu,male,2005,96188
flk,male,2005,675
guf,male,2005,42729
guy,male,2005,5817
pry,male,2005,87698
per,male,2005,38959
sur,male,2005,18340
ury,male,2005,37658
ven,male,2005,538197
aus,male,2005,2419190
nzl,male,2005,407690
fji,male,2005,6564
ncl,male,2005,29909
png,male,2005,17920
slb,male,2005,1830
vut,male,2005,1398
gum,male,2005,38602
kir,male,2005,1312
mhl,male,2005,1485
fsm,male,2005,1565
nru,male,2005,1208
mnp,male,2005,15977
plw,male,2005,3620
asm,male,2005,12498
cok,male,2005,1724
pyf,male,2005,18405
niu,male,2005,282
wsm,male,2005,2940
tkl,male,2005,133
ton,male,2005,2324
tuv,male,2005,115
wlf,male,2005,1107
blr,male,2005,506988
bgr,male,2005,26594
cze,male,2005,181719
hun,male,2005,174216
pol,male,2005,297039
mda,male,2005,67924
rou,male,2005,70153
rus,male,2005,5806597
svk,male,2005,58716
ukr,male,2005,2168060
chanisl,male,2005,33611
dnk,male,2005,213097
est,male,2005,94244
fro,male,2005,2450
fin,male,2005,96429
isl,male,2005,12413
irl,male,2005,309910
gbm,male,2005,20214
lva,male,2005,154745
ltu,male,2005,94189
nor,male,2005,176444
swe,male,2005,538490
gbr,male,2005,2818177
alb,male,2005,32993
and,male,2005,26466
bih,male,2005,22473
hrv,male,2005,271645
gib,male,2005,4518
grc,male,2005,587677
hos,male,2005,381
ita,male,2005,1820290
mlt,male,2005,11899
mkd,male,2005,53220
prt,male,2005,376774
smr,male,2005,2302
srb,male,2005,383088
svn,male,2005,116741
esp,male,2005,2140680
aut,male,2005,543618
bel,male,2005,620924
fra,male,2005,3300859
deu,male,2005,4676178
lie,male,2005,9434
lux,male,2005,74951
mco,male,2005,10322
nld,male,2005,843444
che,male,2005,922387
bmu,male,2005,8866
can,male,2005,2915838
grl,male,2005,4461
spm,male,2005,597
usa,male,2005,19614878
bdi,male,2010,115823
com,male,2010,6060
dji,male,2010,53295
eri,male,2010,8603
eth,male,2010,298069
ken,male,2010,473093
mdg,male,2010,16410
mwi,male,2010,103869
mus,male,2010,13188
myt,male,2010,34500
moz,male,2010,148105
reu,male,2010,62707
rwa,male,2010,214048
syc,male,2010,7804
som,male,2010,25213
ssd,male,2010,132693
uga,male,2010,241903
tza,male,2010,154591
zmb,male,2010,75941
zwe,male,2010,227201
ago,male,2010,160275
cmr,male,2010,161485
caf,male,2010,49743
tcd,male,2010,186773
cog,male,2010,231105
cod,male,2010,284244
gnq,male,2010,4734
gab,male,2010,158680
stp,male,2010,1352
bwa,male,2010,53881
swz,male,2010,16790
lso,male,2010,3469
nam,male,2010,55803
zaf,male,2010,1221739
ben,male,2010,143575
bfa,male,2010,320939
cpv,male,2010,7293
civ,male,2010,1310459
gmb,male,2010,98086
gha,male,2010,179647
gin,male,2010,92899
gnb,male,2010,10307
lbr,male,2010,56885
mli,male,2010,172066
mrt,male,2010,48605
ner,male,2010,60033
nga,male,2010,575671
shn,male,2010,136
sen,male,2010,135879
sle,male,2010,43515
tgo,male,2010,129352
dza,male,2010,114727
egy,male,2010,174104
lby,male,2010,489737
mar,male,2010,35738
sdn,male,2010,314552
tun,male,2010,22236
esh,male,2010,2612
arm,male,2010,85669
aze,male,2010,129512
bhr,male,2010,475905
cyp,male,2010,83931
geo,male,2010,31972
irq,male,2010,72965
isr,male,2010,890352
jor,male,2010,1384313
kwt,male,2010,1309814
lbn,male,2010,427358
omn,male,2010,658746
qat,male,2010,1206571
sau,male,2010,5933281
pse,male,2010,114688
syr,male,2010,913004
tur,male,2010,625960
are,male,2010,5463446
yem,male,2010,156123
kaz,male,2010,1625155
kgz,male,2010,94596
tjk,male,2010,121780
tkm,male,2010,90634
uzb,male,2010,558379
afg,male,2010,57709
bgd,male,2010,710548
btn,male,2010,39283
ind,male,2010,2789748
irn,male,2010,1571723
mdv,male,2010,41712
npl,male,2010,189518
pak,male,2010,2074443
lka,male,2010,20694
chn,male,2010,505758
hkg,male,2010,1147539
mac,male,2010,146407
prk,male,2010,21766
jpn,male,2010,972481
mng,male,2010,11880
kor,male,2010,525395
brn,male,2010,56723
khm,male,2010,43385
idn,male,2010,174864
lao,male,2010,20133
mys,male,2010,1469977
mmr,male,2010,41574
phl,male,2010,107933
sgp,male,2010,956856
tha,male,2010,1624755
tls,male,2010,5837
vnm,male,2010,35971
aia,male,2010,2415
atg,male,2010,11788
abw,male,2010,15311
bhs,male,2010,27878
brb,male,2010,14746
vgb,male,2010,8415
bes,male,2010,5530
cym,male,2010,12310
cub,male,2010,2904
nld_curacao,male,2010,14195
dma,male,2010,4200
dom,male,2010,238742
grd,male,2010,3463
glp,male,2010,42768
hti,male,2010,9548
jam,male,2010,12024
mtq,male,2010,26330
msr,male,2010,664
pri,male,2010,142939
kna,male,2010,3806
lca,male,2010,4377
vct,male,2010,2302
sxm,male,2010,12570
tto,male,2010,23152
tca,male,2010,8907
vir,male,2010,26722
blz,male,2010,23459
cri,male,2010,195873
slv,male,2010,19148
gtm,male,2010,30917
hnd,male,2010,14306
mex,male,2010,490691
nic,male,2010,19128
pan,male,2010,80931
arg,male,2010,831696
bol,male,2010,64380
bra,male,2010,319882
chl,male,2010,178111
col,male,2010,65622
ecu,male,2010,167773
flk,male,2010,807
guf,male,2010,46564
guy,male,2010,7023
pry,male,2010,83394
per,male,2010,56097
sur,male,2010,21658
ury,male,2010,34535
ven,male,2010,676261
aus,male,2010,2922030
nzl,male,2010,459047
fji,male,2010,7137
ncl,male,2010,32886
png,male,2010,18466
slb,male,2010,1546
vut,male,2010,1487
gum,male,2010,38924
kir,male,2010,1512
mhl,male,2010,1895
fsm,male,2010,1503
nru,male,2010,653
mnp,male,2010,10223
plw,male,2010,3211
asm,male,2010,12098
cok,male,2010,1895
pyf,male,2010,18037
niu,male,2010,319
wsm,male,2010,2594
tkl,male,2010,206
ton,male,2010,2500
tuv,male,2010,121
wlf,male,2010,820
blr,male,2010,499384
bgr,male,2010,33841
cze,male,2010,236160
hun,male,2010,210212
pol,male,2010,262263
mda,male,2010,52198
rou,male,2010,87667
rus,male,2010,5514401
svk,male,2010,66938
ukr,male,2010,2072474
chanisl,male,2010,36982
dnk,male,2010,242029
est,male,2010,87644
fro,male,2010,2700
fin,male,2010,115105
isl,male,2010,17619
irl,male,2010,360440
gbm,male,2010,21361
lva,male,2010,124675
ltu,male,2010,69606
nor,male,2010,268505
swe,male,2010,673083
gbr,male,2010,3454456
alb,male,2010,26901
and,male,2010,27287
bih,male,2010,18504
hrv,male,2010,268466
gib,male,2010,5171
grc,male,2010,640731
hos,male,2010,375
ita,male,2010,2663889
mlt,male,2010,17118
mne,male,2010,31639
mkd,male,2010,54067
prt,male,2010,371536
smr,male,2010,2761
srb,male,2010,364757
svn,male,2010,141285
esp,male,2010,3238238
aut,male,2010,608918
bel,male,2010,726881
fra,male,2010,3554527
deu,male,2010,4848689
lie,male,2010,10867
lux,male,2010,81420
mco,male,2010,10325
nld,male,2010,881264
che,male,2010,1005381
bmu,male,2010,9202
can,male,2010,3236539
grl,male,2010,4119
spm,male,2010,531
usa,male,2010,21694169
bdi,male,2015,142790
com,male,2015,6071
dji,male,2015,59081
eri,male,2015,8833
eth,male,2015,591409
ken,male,2015,562909
mdg,male,2015,18270
mwi,male,2015,110893
mus,male,2015,15832
myt,male,2015,34235
moz,male,2015,155510
reu,male,2015,64537
rwa,male,2015,256327
syc,male,2015,8954
som,male,2015,21584
ssd,male,2015,430949
uga,male,2015,415845
tza,male,2015,190617
zmb,male,2015,66651
zwe,male,2015,225653
ago,male,2015,304635
cmr,male,2015,251311
caf,male,2015,43163
tcd,male,2015,215640
cog,male,2015,213764
cod,male,2015,401058
gnq,male,2015,161527
gab,male,2015,243782
stp,male,2015,1197
bwa,male,2015,58769
swz,male,2015,16627
lso,male,2015,3558
nam,male,2015,54739
zaf,male,2015,2122100
ben,male,2015,172056
bfa,male,2015,335328
cpv,male,2015,7547
civ,male,2015,1366634
gmb,male,2015,101501
gha,male,2015,221026
gin,male,2015,74060
gnb,male,2015,10826
lbr,male,2015,64879
mli,male,2015,213218
mrt,male,2015,94070
ner,male,2015,119915
nga,male,2015,657887
shn,male,2015,251
sen,male,2015,141402
sle,male,2015,33068
tgo,male,2015,139540
dza,male,2015,126522
egy,male,2015,207433
lby,male,2015,549153
mar,male,2015,46387
sdn,male,2015,311885
tun,male,2015,29253
esh,male,2015,3059
arm,male,2015,77436
aze,male,2015,126600
bhr,male,2015,508966
cyp,male,2015,84153
geo,male,2015,33570
irq,male,2015,209233
isr,male,2015,912899
jor,male,2015,1567177
kwt,male,2015,1901855
lbn,male,2015,948425
omn,male,2015,1552000
qat,male,2015,1416361
sau,male,2015,7461502
pse,male,2015,113237
syr,male,2015,445050
tur,male,2015,2390166
are,male,2015,5890170
yem,male,2015,199390
kaz,male,2015,1757828
kgz,male,2015,82616
tjk,male,2015,118639
tkm,male,2015,91531
uzb,male,2015,545721
afg,male,2015,248212
bgd,male,2015,752035
btn,male,2015,43396
ind,male,2015,2684680
irn,male,2015,1445236
mdv,male,2015,56345
npl,male,2015,156361
pak,male,2015,1845470
lka,male,2015,20745
chn,male,2015,600136
hkg,male,2015,1119957
mac,male,2015,174589
prk,male,2015,24110
jpn,male,2015,1050070
mng,male,2015,13284
kor,male,2015,641400
brn,male,2015,58181
khm,male,2015,39854
idn,male,2015,196717
lao,male,2015,29335
mys,male,2015,1996220
mmr,male,2015,40178
phl,male,2015,109783
sgp,male,2015,1122986
tha,male,2015,1751187
tls,male,2015,5148
vnm,male,2015,42168
aia,male,2015,2593
atg,male,2015,12524
abw,male,2015,16108
bhs,male,2015,29994
brb,male,2015,15488
vgb,male,2015,9430
bes,male,2015,6292
cym,male,2015,13398
cub,male,2015,2294
nld_curacao,male,2015,15467
dma,male,2015,4215
dom,male,2015,353448
grd,male,2015,3502
glp,male,2015,43858
hti,male,2015,10025
jam,male,2015,11766
mtq,male,2015,26989
msr,male,2015,696
pri,male,2015,130916
kna,male,2015,3916
lca,male,2015,4179
vct,male,2015,2355
sxm,male,2015,13077
tto,male,2015,24464
tca,male,2015,11755
vir,male,2015,26728
blz,male,2015,27502
cri,male,2015,197613
slv,male,2015,19996
gtm,male,2015,37136
hnd,male,2015,20116
mex,male,2015,515917
nic,male,2015,20723
pan,male,2015,94841
arg,male,2015,960310
bol,male,2015,74939
bra,male,2015,386838
chl,male,2015,301441
col,male,2015,74108
ecu,male,2015,200352
flk,male,2015,873
guf,male,2015,50399
guy,male,2015,8229
pry,male,2015,81303
per,male,2015,91090
sur,male,2015,23544
ury,male,2015,35642
ven,male,2015,703458
aus,male,2015,3343330
nzl,male,2015,502787
fji,male,2015,7421
ncl,male,2015,36181
png,male,2015,18734
slb,male,2015,1450
vut,male,2015,1583
gum,male,2015,39246
kir,male,2015,1539
mhl,male,2015,2011
fsm,male,2015,1473
nru,male,2015,1071
mnp,male,2015,9100
plw,male,2015,2996
asm,male,2015,11998
cok,male,2015,1741
pyf,male,2015,17136
niu,male,2015,319
wsm,male,2015,2148
tkl,male,2015,233
ton,male,2015,2158
tuv,male,2015,126
wlf,male,2015,531
blr,male,2015,495961
bgr,male,2015,60058
cze,male,2015,239228
hun,male,2015,235719
pol,male,2015,259789
mda,male,2015,43467
rou,male,2015,146758
rus,male,2015,5715211
svk,male,2015,89011
ukr,male,2015,2113924
chanisl,male,2015,39338
dnk,male,2015,291431
est,male,2015,80024
fro,male,2015,2783
fin,male,2015,159315
isl,male,2015,19070
irl,male,2015,376338
gbm,male,2015,20596
lva,male,2015,104011
ltu,male,2015,57508
nor,male,2015,389370
swe,male,2015,828027
gbr,male,2015,4023771
alb,male,2015,26517
and,male,2015,21485
bih,male,2015,18400
hrv,male,2015,260473
gib,male,2015,5591
grc,male,2015,570528
hos,male,2015,376
ita,male,2015,2637798
mlt,male,2015,28332
mne,male,2015,28178
mkd,male,2015,54496
prt,male,2015,398390
smr,male,2015,2867
srb,male,2015,355180
svn,male,2015,134460
esp,male,2015,2884000
aut,male,2015,716470
bel,male,2015,869989
fra,male,2015,3806413
deu,male,2015,5037961
lie,male,2015,11605
lux,male,2015,126129
mco,male,2015,12599
nld,male,2015,952313
che,male,2015,1183243
bmu,male,2015,9336
can,male,2015,3533164
grl,male,2015,3812
spm,male,2015,516
usa,male,2015,23446873
bdi,male,2019,158163
com,male,2019,6047
dji,male,2019,60654
eri,male,2019,8922
eth,male,2019,637963
ken,male,2019,522321
mdg,male,2019,19897
mwi,male,2019,117932
mus,male,2019,15979
myt,male,2019,34537
moz,male,2019,161731
reu,male,2019,65524
rwa,male,2019,269917
syc,male,2019,9049
som,male,2019,27184
ssd,male,2019,441677
uga,male,2019,836620
tza,male,2019,251424
zmb,male,2019,86098
zwe,male,2019,233652
ago,male,2019,341719
cmr,male,2019,250177
caf,male,2019,48004
tcd,male,2019,236334
cog,male,2019,220238
cod,male,2019,463954
gnq,male,2019,175403
gab,male,2019,264758
stp,male,2019,1085
bwa,male,2019,62943
swz,male,2019,16582
lso,male,2019,3751
nam,male,2019,57938
zaf,male,2019,2350362
ben,male,2019,183593
bfa,male,2019,341830
cpv,male,2019,7922
civ,male,2019,1411575
gmb,male,2019,113552
gha,male,2019,249224
gin,male,2019,70695
gnb,male,2019,12990
lbr,male,2019,53857
mli,male,2019,237428
mrt,male,2019,97766
ner,male,2019,139426
nga,male,2019,689321
shn,male,2019,302
sen,male,2019,145996
sle,male,2019,30724
tgo,male,2019,141286
dza,male,2019,131596
egy,male,2019,271048
lby,male,2019,582673
mar,male,2019,49479
sdn,male,2019,607151
tun,male,2019,29744
esh,male,2019,3181
arm,male,2019,78001
aze,male,2019,121640
bhr,male,2019,535728
cyp,male,2019,85208
geo,male,2019,34583
irq,male,2019,214288
isr,male,2019,887768
jor,male,2019,1685358
kwt,male,2019,2013803
lbn,male,2019,895875
omn,male,2019,1911526
qat,male,2019,1845678
sau,male,2019,9001182
pse,male,2019,112452
syr,male,2019,444710
tur,male,2019,3258212
are,male,2019,6326020
yem,male,2019,202414
kaz,male,2019,1836893
kgz,male,2019,80945
tjk,male,2019,118207
tkm,male,2019,92240
uzb,male,2019,545048
afg,male,2019,74974
bgd,male,2019,1124293
btn,male,2019,45220
ind,male,2019,2640513
irn,male,2019,1421804
mdv,male,2019,60709
npl,male,2019,148487
pak,male,2019,1714663
lka,male,2019,20909
chn,male,2019,632550
hkg,male,2019,1143329
mac,male,2019,185502
prk,male,2019,24576
jpn,male,2019,1208168
mng,male,2019,14114
kor,male,2019,652746
brn,male,2019,62660
khm,male,2019,42379
idn,male,2019,205451
lao,male,2019,31099
mys,male,2019,2097159
mmr,male,2019,41652
phl,male,2019,113239
sgp,male,2019,950192
tha,male,2019,1825505
tls,male,2019,5086
vnm,male,2019,44087
aia,male,2019,2694
atg,male,2019,13026
abw,male,2019,16295
bhs,male,2019,31844
brb,male,2019,15638
vgb,male,2019,10242
bes,male,2019,7494
cym,male,2019,14838
cub,male,2019,2097
nld_curacao,male,2019,16813
dma,male,2019,4303
dom,male,2019,365261
grd,male,2019,3536
glp,male,2019,44537
hti,male,2019,10426
jam,male,2019,11920
mtq,male,2019,26953
msr,male,2019,709
pri,male,2019,123980
kna,male,2019,3992
lca,male,2019,4026
vct,male,2019,2398
sxm,male,2019,13540
tto,male,2019,29114
tca,male,2019,12695
vir,male,2019,26740
blz,male,2019,30180
cri,male,2019,201934
slv,male,2019,20269
gtm,male,2019,38117
hnd,male,2019,20440
mex,male,2019,531912
nic,male,2019,21704
pan,male,2019,94396
arg,male,2019,1018573
bol,male,2019,81818
bra,male,2019,435661
chl,male,2019,442929
col,male,2019,575805
ecu,male,2019,197162
flk,male,2019,1057
guf,male,2019,55751
guy,male,2019,8398
pry,male,2019,83412
per,male,2019,424317
sur,male,2019,25227
ury,male,2019,36988
ven,male,2019,685975
aus,male,2019,3744438
nzl,male,2019,516814
fji,male,2019,7576
ncl,male,2019,37984
png,male,2019,18944
slb,male,2019,1421
vut,male,2019,1612
gum,male,2019,41185
kir,male,2019,1594
mhl,male,2019,2019
fsm,male,2019,1508
nru,male,2019,1206
mnp,male,2019,9171
plw,male,2019,2875
asm,male,2019,12012
cok,male,2019,1748
pyf,male,2019,17791
niu,male,2019,319
wsm,male,2019,2038
tkl,male,2019,242
ton,male,2019,2048
tuv,male,2019,131
wlf,male,2019,516
blr,male,2019,489770
bgr,male,2019,82718
cze,male,2019,293245
hun,male,2019,253884
pol,male,2019,289754
mda,male,2019,42839
rou,male,2019,248851
rus,male,2019,5713879
svk,male,2019,96010
ukr,male,2019,2135064
chanisl,male,2019,40068
dnk,male,2019,357366
est,male,2019,80616
fro,male,2019,3287
fin,male,2019,196188
isl,male,2019,27554
irl,male,2019,414452
gbm,male,2019,20901
lva,male,2019,93396
ltu,male,2019,49293
nor,male,2019,451599
swe,male,2019,1008536
gbr,male,2019,4581996
alb,male,2019,25054
and,male,2019,23091
bih,male,2019,17017
hrv,male,2019,239681
gib,male,2019,5646
grc,male,2019,560208
hos,male,2019,373
ita,male,2019,2908119
mlt,male,2019,45986
mne,male,2019,27982
mkd,male,2019,54682
prt,male,2019,411750
smr,male,2019,2936
srb,male,2019,361216
svn,male,2019,142626
esp,male,2019,2913747
aut,male,2019,873536
bel,male,2019,979191
fra,male,2019,4019290
deu,male,2019,6881990
lie,male,2019,12406
lux,male,2019,148670
mco,male,2019,12851
nld,male,2019,1103004
che,male,2019,1265343
bmu,male,2019,9439
can,male,2019,3786190
grl,male,2019,3742
spm,male,2019,519
usa,male,2019,24488382
bdi,female,1990,169843
com,female,1990,7362
dji,female,1990,57979
eri,female,1990,5620
eth,female,1990,548106
ken,female,1990,136830
mdg,female,1990,10569
mwi,female,1990,581204
mus,female,1990,1850
myt,female,1990,6449
moz,female,1990,56272
reu,female,1990,26486
rwa,female,1990,79261
syc,female,1990,1517
som,female,1990,234093
uga,female,1990,260936
tza,female,1990,290635
zmb,female,1990,136434
zwe,female,1990,278381
ago,female,1990,15375
cmr,female,1990,120098
caf,female,1990,31548
tcd,female,1990,34209
cog,female,1990,65075
cod,female,1990,391077
gnq,female,1990,1275
gab,female,1990,55016
stp,female,1990,2629
bwa,female,1990,10896
swz,female,1990,35086
lso,female,1990,3922
nam,female,1990,56893
zaf,female,1990,446656
ben,female,1990,36333
bfa,female,1990,181818
cpv,female,1990,4502
civ,female,1990,804677
gmb,female,1990,51817
gha,female,1990,81821
gin,female,1990,202361
gnb,female,1990,7679
lbr,female,1990,41040
mli,female,1990,78687
mrt,female,1990,54081
ner,female,1990,60242
nga,female,1990,200455
shn,female,1990,68
sen,female,1990,131570
sle,female,1990,99250
tgo,female,1990,41941
dza,female,1990,123720
egy,female,1990,81838
lby,female,1990,214368
mar,female,1990,25871
sdn,female,1990,706511
tun,female,1990,19084
esh,female,1990,1223
arm,female,1990,388254
aze,female,1990,202744
bhr,female,1990,50482
cyp,female,1990,23342
geo,female,1990,171185
irq,female,1990,27887
isr,female,1990,861927
jor,female,1990,559876
kwt,female,1990,419513
lbn,female,1990,255771
omn,female,1990,61523
qat,female,1990,83821
sau,female,1990,1673572
pse,female,1990,156231
syr,female,1990,350063
tur,female,1990,586357
are,female,1990,374615
yem,female,1990,51853
kaz,female,1990,1953036
kgz,female,1990,362667
tjk,female,1990,240928
tkm,female,1990,172326
uzb,female,1990,929382
afg,female,1990,25128
bgd,female,1990,405520
btn,female,1990,4398
ind,female,1990,3627331
irn,female,1990,1834901
mdv,female,1990,3912
npl,female,1990,304008
pak,female,1990,2943824
lka,female,1990,18138
chn,female,1990,184407
hkg,female,1990,1093929
mac,female,1990,108668
prk,female,1990,16710
jpn,female,1990,536552
mng,female,1990,3299
kor,female,1990,18898
brn,female,1990,31344
khm,female,1990,19291
idn,female,1990,235727
lao,female,1990,11060
mys,female,1990,290112
mmr,female,1990,61235
phl,female,1990,72724
sgp,female,1990,381420
tha,female,1990,245207
tls,female,1990,4504
vnm,female,1990,12888
aia,female,1990,1312
atg,female,1990,6254
abw,female,1990,8015
bhs,female,1990,13028
brb,female,1990,13959
vgb,female,1990,3909
bes,female,1990,21153
cym,female,1990,4728
cub,female,1990,17277
dma,female,1990,1210
dom,female,1990,109474
grd,female,1990,2157
glp,female,1990,33226
hti,female,1990,8478
jam,female,1990,10494
mtq,female,1990,19614
msr,female,1990,984
pri,female,1990,168555
kna,female,1990,1568
lca,female,1990,2687
vct,female,1990,2042
tto,female,1990,27138
tca,female,1990,2442
vir,female,1990,27146
blz,female,1990,14011
cri,female,1990,205455
slv,female,1990,25142
gtm,female,1990,151642
hnd,female,1990,132850
mex,female,1990,347321
nic,female,1990,20561
pan,female,1990,29596
arg,female,1990,861789
bol,female,1990,36209
bra,female,1990,372370
chl,female,1990,52954
col,female,1990,51168
ecu,female,1990,40132
flk,female,1990,367
guf,female,1990,28769
guy,female,1990,1895
pry,female,1990,93068
per,female,1990,28312
sur,female,1990,8316
ury,female,1990,52286
ven,female,1990,507430
aus,female,1990,1942017
nzl,female,1990,259824
fji,female,1990,6436
ncl,female,1990,16788
png,female,1990,14348
slb,female,1990,1877
vut,female,1990,1039
gum,female,1990,30391
kir,female,1990,1055
mhl,female,1990,437
fsm,female,1990,1586
nru,female,1990,1309
mnp,female,1990,12332
plw,female,1990,1001
asm,female,1990,10108
cok,female,1990,1144
pyf,female,1990,10386
niu,female,1990,216
wsm,female,1990,1586
tkl,female,1990,120
ton,female,1990,1423
tuv,female,1990,138
wlf,female,1990,676
blr,female,1990,676956
bgr,female,1990,12463
cze,female,1990,52989
hun,female,1990,191325
pol,female,1990,645595
mda,female,1990,306109
rou,female,1990,78224
rus,female,1990,5869526
svk,female,1990,23108
ukr,female,1990,3939317
chanisl,female,1990,32655
dnk,female,1990,120778
est,female,1990,210306
fro,female,1990,1845
fin,female,1990,31573
isl,female,1990,5336
irl,female,1990,115868
gbm,female,1990,18398
lva,female,1990,355207
ltu,female,1990,184673
nor,female,1990,93025
swe,female,1990,405682
gbr,female,1990,1893838
alb,female,1990,35434
and,female,1990,17901
bih,female,1990,29462
hrv,female,1990,252907
gib,female,1990,4181
grc,female,1990,288101
hos,female,1990,392
ita,female,1990,785805
mlt,female,1990,8065
mkd,female,1990,55481
prt,female,1990,225860
smr,female,1990,1582
srb,female,1990,52557
svn,female,1990,88563
esp,female,1990,431157
aut,female,1990,424952
bel,female,1990,626040
fra,female,1990,2897891
deu,female,1990,2643053
lie,female,1990,4950
lux,female,1990,57733
mco,female,1990,10888
nld,female,1990,589920
che,female,1990,691172
bmu,female,1990,8126
can,female,1990,2223666
grl,female,1990,2810
spm,female,1990,539
usa,female,1990,11878041
bdi,female,1995,130688
com,female,1995,7325
dji,female,1995,47298
eri,female,1995,5858
eth,female,1995,382787
ken,female,1995,296556
mdg,female,1995,9276
mwi,female,1995,125426
mus,female,1995,4265
myt,female,1995,11637
moz,female,1995,77046
reu,female,1995,36449
rwa,female,1995,105952
syc,female,1995,2127
som,female,1995,9245
uga,female,1995,298706
tza,female,1995,558954
zmb,female,1995,119009
zwe,female,1995,185213
ago,female,1995,19058
cmr,female,1995,110846
caf,female,1995,46737
tcd,female,1995,41286
cog,female,1995,95813
cod,female,1995,915584
gnq,female,1995,1699
gab,female,1995,73627
stp,female,1995,2388
bwa,female,1995,16651
swz,female,1995,16456
lso,female,1995,3377
nam,female,1995,54062
zaf,female,1995,392724
ben,female,1995,49399
bfa,female,1995,240948
cpv,female,1995,4888
civ,female,1995,925684
gmb,female,1995,68842
gha,female,1995,125456
gin,female,1995,387968
gnb,female,1995,14128
lbr,female,1995,96916
mli,female,1995,85316
mrt,female,1995,42547
ner,female,1995,76248
nga,female,1995,204908
shn,female,1995,47
sen,female,1995,140489
sle,female,1995,42579
tgo,female,1995,50856
dza,female,1995,118336
egy,female,1995,78410
lby,female,1995,207135
mar,female,1995,24096
sdn,female,1995,527695
tun,female,1995,18822
esh,female,1995,1338
arm,female,1995,409004
aze,female,1995,194561
bhr,female,1995,61752
cyp,female,1995,34337
geo,female,1995,85592
irq,female,1995,84639
isr,female,1995,961855
jor,female,1995,752372
kwt,female,1995,330502
lbn,female,1995,297690
omn,female,1995,122199
qat,female,1995,91701
sau,female,1995,1706217
pse,female,1995,153439
syr,female,1995,407495
tur,female,1995,622235
are,female,1995,514250
yem,female,1995,58683
kaz,female,1995,1754513
kgz,female,1995,301700
tjk,female,1995,196453
tkm,female,1995,141443
uzb,female,1995,855087
afg,female,1995,32417
bgd,female,1995,430746
btn,female,1995,5168
ind,female,1995,3343260
irn,female,1995,1231696
mdv,female,1995,9267
npl,female,1995,473137
pak,female,1995,1718085
lka,female,1995,18152
chn,female,1995,219180
hkg,female,1995,1268711
mac,female,1995,121269
prk,female,1995,17581
jpn,female,1995,682159
mng,female,1995,3465
kor,female,1995,53128
brn,female,1995,36916
khm,female,1995,46869
idn,female,1995,187360
lao,female,1995,11327
mys,female,1995,402404
mmr,female,1995,52174
phl,female,1995,99821
sgp,female,1995,535081
tha,female,1995,383430
tls,female,1995,4980
vnm,female,1995,23075
aia,female,1995,1733
atg,female,1995,9504
abw,female,1995,12300
bhs,female,1995,15034
brb,female,1995,14989
vgb,female,1995,5012
bes,female,1995,23428
cym,female,1995,6327
cub,female,1995,13628
dma,female,1995,1498
dom,female,1995,124539
grd,female,1995,2798
glp,female,1995,38318
hti,female,1995,8053
jam,female,1995,11471
mtq,female,1995,24328
msr,female,1995,787
pri,female,1995,177328
kna,female,1995,2052
lca,female,1995,3592
vct,female,1995,2124
tto,female,1995,24691
tca,female,1995,3396
vir,female,1995,28481
blz,female,1995,15934
cri,female,1995,179802
slv,female,1995,20973
gtm,female,1995,89275
hnd,female,1995,73365
mex,female,1995,228960
nic,female,1995,13255
pan,female,1995,34108
arg,female,1995,842042
bol,female,1995,40792
bra,female,1995,345405
chl,female,1995,72785
col,female,1995,52277
ecu,female,1995,57214
flk,female,1995,358
guf,female,1995,33262
guy,female,1995,2947
pry,female,1995,88701
per,female,1995,28670
sur,female,1995,10229
ury,female,1995,50001
ven,female,1995,506523
aus,female,1995,2060050
nzl,female,1995,299387
fji,female,1995,6275
ncl,female,1995,19754
png,female,1995,13694
slb,female,1995,1850
vut,female,1995,1166
gum,female,1995,33090
kir,female,1995,1084
mhl,female,1995,564
fsm,female,1995,1223
nru,female,1995,1210
mnp,female,1995,16529
plw,female,1995,1941
asm,female,1995,11061
cok,female,1995,1189
pyf,female,1995,11671
niu,female,1995,223
wsm,female,1995,2243
tkl,female,1995,119
ton,female,1995,1556
tuv,female,1995,115
wlf,female,1995,832
blr,female,1995,642975
bgr,female,1995,18793
cze,female,1995,77276
hun,female,1995,175032
pol,female,1995,560676
mda,female,1995,211934
rou,female,1995,74594
rus,female,1995,6003475
svk,female,1995,38792
ukr,female,1995,3527493
chanisl,female,1995,32051
dnk,female,1995,155914
est,female,1995,179487
fro,female,1995,1325
fin,female,1995,50154
isl,female,1995,7011
irl,female,1995,118808
gbm,female,1995,19338
lva,female,1995,303877
ltu,female,1995,144946
nor,female,1995,116080
swe,female,1995,485077
gbr,female,1995,2176582
alb,female,1995,38070
and,female,1995,20618
bih,female,1995,36361
hrv,female,1995,358352
gib,female,1995,4185
grc,female,1995,412846
hos,female,1995,401
ita,female,1995,965401
mlt,female,1995,9374
mkd,female,1995,63762
prt,female,1995,273485
smr,female,1995,1719
srb,female,1995,480846
svn,female,1995,84164
esp,female,1995,520953
aut,female,1995,471591
bel,female,1995,636215
fra,female,1995,3041910
deu,female,1995,3566009
lie,female,1995,6243
lux,female,1995,63814
mco,female,1995,11105
nld,female,1995,677928
che,female,1995,709786
bmu,female,1995,8632
can,female,1995,2508673
grl,female,1995,2246
spm,female,1995,638
usa,female,1995,14418894
bdi,female,2000,64534
com,female,2000,7288
dji,female,2000,47587
eri,female,2000,6096
eth,female,2000,289165
ken,female,2000,354919
mdg,female,2000,10265
mwi,female,2000,121090
mus,female,2000,9838
myt,female,2000,21928
moz,female,2000,92527
reu,female,2000,48414
rwa,female,2000,171335
syc,female,2000,2737
som,female,2000,9469
uga,female,2000,293421
tza,female,2000,467784
zmb,female,2000,168589
zwe,female,2000,176228
ago,female,2000,22741
cmr,female,2000,103234
caf,female,2000,57893
tcd,female,2000,48362
cog,female,2000,152773
cod,female,2000,379295
gnq,female,2000,2123
gab,female,2000,91445
stp,female,2000,2153
bwa,female,2000,31094
swz,female,2000,16163
lso,female,2000,2832
nam,female,2000,62393
zaf,female,2000,409361
ben,female,2000,62465
bfa,female,2000,269808
cpv,female,2000,5274
civ,female,2000,965148
gmb,female,2000,85376
gha,female,2000,94322
gin,female,2000,280967
gnb,female,2000,10295
lbr,female,2000,69739
mli,female,2000,91723
mrt,female,2000,26203
ner,female,2000,64068
nga,female,2000,217671
shn,female,2000,47
sen,female,2000,110409
sle,female,2000,43790
tgo,female,2000,68856
dza,female,2000,112952
egy,female,2000,86550
lby,female,2000,198486
mar,female,2000,25801
sdn,female,2000,400468
tun,female,2000,18040
esh,female,2000,1452
arm,female,2000,387730
aze,female,2000,186379
bhr,female,2000,74017
cyp,female,2000,45331
geo,female,2000,42796
irq,female,2000,90061
isr,female,2000,997597
jor,female,2000,944868
kwt,female,2000,366128
lbn,female,2000,339608
omn,female,2000,135219
qat,female,2000,85455
sau,female,2000,1745619
pse,female,2000,150647
syr,female,2000,406935
tur,female,2000,664956
are,female,2000,689810
yem,female,2000,64426
kaz,female,2000,1550614
kgz,female,2000,226897
tjk,female,2000,167846
tkm,female,2000,116257
uzb,female,2000,800335
afg,female,2000,33069
bgd,female,2000,455946
btn,female,2000,5937
ind,female,2000,3107740
irn,female,2000,1141541
mdv,female,2000,12185
npl,female,2000,475941
pak,female,2000,1931952
lka,female,2000,18161
chn,female,2000,253952
hkg,female,2000,1443493
mac,female,2000,131400
prk,female,2000,18452
jpn,female,2000,889516
mng,female,2000,3642
kor,female,2000,101012
brn,female,2000,42489
khm,female,2000,74447
idn,female,2000,138992
lao,female,2000,10384
mys,female,2000,640919
mmr,female,2000,45861
phl,female,2000,156191
sgp,female,2000,750020
tha,female,2000,610093
tls,female,2000,5507
vnm,female,2000,23929
aia,female,2000,2153
atg,female,2000,12755
abw,female,2000,16585
bhs,female,2000,17040
brb,female,2000,16019
vgb,female,2000,6572
bes,female,2000,25703
cym,female,2000,9505
cub,female,2000,9978
dma,female,2000,1768
dom,female,2000,139603
grd,female,2000,3439
glp,female,2000,43410
hti,female,2000,7650
jam,female,2000,12449
mtq,female,2000,29041
msr,female,2000,589
pri,female,2000,186558
kna,female,2000,2803
lca,female,2000,4911
vct,female,2000,2208
tto,female,2000,22465
tca,female,2000,4350
vir,female,2000,29881
blz,female,2000,17857
cri,female,2000,154148
slv,female,2000,16804
gtm,female,2000,26908
hnd,female,2000,13880
mex,female,2000,267155
nic,female,2000,14966
pan,female,2000,40973
arg,female,2000,822295
bol,female,2000,44993
bra,female,2000,318440
chl,female,2000,92615
col,female,2000,53386
ecu,female,2000,74296
flk,female,2000,431
guf,female,2000,37754
guy,female,2000,3999
pry,female,2000,84556
per,female,2000,33461
sur,female,2000,12568
ury,female,2000,47779
ven,female,2000,505056
aus,female,2000,2196350
nzl,female,2000,348886
fji,female,2000,6118
ncl,female,2000,22719
png,female,2000,10430
slb,female,2000,1757
vut,female,2000,1306
gum,female,2000,35790
kir,female,2000,1095
mhl,female,2000,727
fsm,female,2000,1395
nru,female,2000,1111
mnp,female,2000,22735
plw,female,2000,2405
asm,female,2000,12014
cok,female,2000,1233
pyf,female,2000,12725
niu,female,2000,230
wsm,female,2000,2897
tkl,female,2000,118
ton,female,2000,1703
tuv,female,2000,97
wlf,female,2000,997
blr,female,2000,608993
bgr,female,2000,25122
cze,female,2000,101562
hun,female,2000,158738
pol,female,2000,486928
mda,female,2000,146731
rou,female,2000,71133
rus,female,2000,5917446
svk,female,2000,65123
ukr,female,2000,3158723
chanisl,female,2000,34067
dnk,female,2000,191049
est,female,2000,148668
fro,female,2000,1672
fin,female,2000,68734
isl,female,2000,8685
irl,female,2000,177593
gbm,female,2000,20277
lva,female,2000,252546
ltu,female,2000,113765
nor,female,2000,147614
swe,female,2000,523587
gbr,female,2000,2501537
alb,female,2000,40705
and,female,2000,20054
bih,female,2000,43261
hrv,female,2000,310475
gib,female,2000,4189
grc,female,2000,551871
hos,female,2000,406
ita,female,2000,1144997
mlt,female,2000,11232
mkd,female,2000,73280
prt,female,2000,331153
smr,female,2000,1870
srb,female,2000,540271
svn,female,2000,99736
esp,female,2000,819227
aut,female,2000,518229
bel,female,2000,632093
fra,female,2000,3185929
deu,female,2000,4488965
lie,female,2000,7503
lux,female,2000,70464
mco,female,2000,11329
nld,female,2000,791035
che,female,2000,728901
bmu,female,2000,9137
can,female,2000,2852779
grl,female,2000,1985
spm,female,2000,702
usa,female,2000,17503268
bdi,female,2005,88069
com,female,2005,6923
dji,female,2005,40776
eri,female,2005,6585
eth,female,2005,244517
ken,female,2005,372990
mdg,female,2005,11314
mwi,female,2005,115730
mus,female,2005,10704
myt,female,2005,31812
moz,female,2005,136771
reu,female,2005,55880
rwa,female,2005,209908
syc,female,2005,3177
som,female,2005,9623
uga,female,2005,301178
tza,female,2005,284170
zmb,female,2005,124267
zwe,female,2005,172972
ago,female,2005,31089
cmr,female,2005,119374
caf,female,2005,44213
tcd,female,2005,192347
cog,female,2005,145495
cod,female,2005,320579
gnq,female,2005,3024
gab,female,2005,98717
stp,female,2005,1706
bwa,female,2005,35482
swz,female,2005,16023
lso,female,2005,2888
nam,female,2005,49722
zaf,female,2005,568759
ben,female,2005,114007
bfa,female,2005,311787
cpv,female,2005,6177
civ,female,2005,1010400
gmb,female,2005,85675
gha,female,2005,147658
gin,female,2005,117873
gnb,female,2005,10438
lbr,female,2005,36005
mli,female,2005,124553
mrt,female,2005,25531
ner,female,2005,65291
nga,female,2005,404910
shn,female,2005,78
sen,female,2005,113444
sle,female,2005,69429
tgo,female,2005,100744
dza,female,2005,89156
egy,female,2005,119795
lby,female,2005,179615
mar,female,2005,26836
sdn,female,2005,268335
tun,female,2005,17040
esh,female,2005,1667
arm,female,2005,277718
aze,female,2005,166884
bhr,female,2005,115404
cyp,female,2005,66744
geo,female,2005,40656
irq,female,2005,52032
isr,female,2005,1021698
jor,female,2005,1141769
kwt,female,2005,414747
lbn,female,2005,366453
omn,female,2005,138318
qat,female,2005,147598
sau,female,2005,2032014
pse,female,2005,146996
syr,female,2005,427870
tur,female,2005,700298
are,female,2005,892816
yem,female,2005,72992
kaz,female,2005,1630207
kgz,female,2005,181335
tjk,female,2005,159063
tkm,female,2005,111839
uzb,female,2005,740242
afg,female,2005,38026
bgd,female,2005,545472
btn,female,2005,7537
ind,female,2005,2878096
irn,female,2005,1158611
mdv,female,2005,17966
npl,female,2005,444254
pak,female,2005,1462618
lka,female,2005,18208
chn,female,2005,299027
hkg,female,2005,1536114
mac,female,2005,148921
prk,female,2005,20348
jpn,female,2005,1080357
mng,female,2005,3900
kor,female,2005,201760
brn,female,2005,43176
khm,female,2005,56520
idn,female,2005,124075
lao,female,2005,9441
mys,female,2005,784963
mmr,female,2005,38519
phl,female,2005,124445
sgp,female,2005,951832
tha,female,2005,1077281
tls,female,2005,5708
vnm,female,2005,20662
aia,female,2005,2474
atg,female,2005,13689
abw,female,2005,17981
bhs,female,2005,21949
brb,female,2005,17049
vgb,female,2005,7615
bes,female,2005,27375
cym,female,2005,10164
cub,female,2005,6683
dma,female,2005,2253
dom,female,2005,147821
grd,female,2005,3478
glp,female,2005,47792
hti,female,2005,7267
jam,female,2005,12051
mtq,female,2005,31143
msr,female,2005,605
pri,female,2005,185364
kna,female,2005,3181
lca,female,2005,4999
vct,female,2005,2238
sxm,female,2005,6815
tto,female,2005,24165
tca,female,2005,6328
vir,female,2005,29921
blz,female,2005,20379
cri,female,2005,181840
slv,female,2005,18990
gtm,female,2005,31188
hnd,female,2005,13431
mex,female,2005,352845
nic,female,2005,17145
pan,female,2005,57751
arg,female,2005,898278
bol,female,2005,51726
bra,female,2005,295563
chl,female,2005,144946
col,female,2005,51906
ecu,female,2005,91216
flk,female,2005,491
guf,female,2005,43739
guy,female,2005,5051
pry,female,2005,80545
per,female,2005,38918
sur,female,2005,15324
ury,female,2005,44659
ven,female,2005,538277
aus,female,2005,2458840
nzl,female,2005,432262
fji,female,2005,5871
ncl,female,2005,25496
png,female,2005,12186
slb,female,2005,1441
vut,female,2005,1402
gum,female,2005,36141
kir,female,2005,1175
mhl,female,2005,932
fsm,female,2005,1340
nru,female,2005,1045
mnp,female,2005,21565
plw,female,2005,2423
asm,female,2005,11735
cok,female,2005,1553
pyf,female,2005,13881
niu,female,2005,240
wsm,female,2005,2806
tkl,female,2005,125
ton,female,2005,1977
tuv,female,2005,94
wlf,female,2005,1084
blr,female,2005,599994
bgr,female,2005,34480
cze,female,2005,140821
hun,female,2005,192571
pol,female,2005,425470
mda,female,2005,103198
rou,female,2005,75009
rus,female,2005,5860991
svk,female,2005,71775
ukr,female,2005,2882242
chanisl,female,2005,37330
dnk,female,2005,227286
est,female,2005,139457
fro,female,2005,2133
fin,female,2005,95740
isl,female,2005,13079
irl,female,2005,279136
gbm,female,2005,21261
lva,female,2005,221980
ltu,female,2005,107020
nor,female,2005,184700
swe,female,2005,587300
gbr,female,2005,3107979
alb,female,2005,31746
and,female,2005,23832
bih,female,2005,24799
hrv,female,2005,307628
gib,female,2005,4693
grc,female,2005,603030
hos,female,2005,417
ita,female,2005,2134500
mlt,female,2005,12661
mkd,female,2005,74447
prt,female,2005,394410
smr,female,2005,1916
srb,female,2005,471760
svn,female,2005,100477
esp,female,2005,1966546
aut,female,2005,592652
bel,female,2005,627809
fra,female,2005,3436741
deu,female,2005,4726269
lie,female,2005,9464
lux,female,2005,75667
mco,female,2005,10990
nld,female,2005,892683
che,female,2005,883050
bmu,female,2005,9410
can,female,2005,3163147
grl,female,2005,2095
spm,female,2005,550
usa,female,2005,19643415
bdi,female,2010,119436
com,female,2010,6558
dji,female,2010,48280
eri,female,2010,7073
eth,female,2010,270679
ken,female,2010,481832
mdg,female,2010,12495
mwi,female,2010,113853
mus,female,2010,11648
myt,female,2010,38257
moz,female,2010,158366
reu,female,2010,60322
rwa,female,2010,212853
syc,female,2010,3616
som,female,2010,22893
ssd,female,2010,125212
uga,female,2010,251027
tza,female,2010,155256
zmb,female,2010,74021
zwe,female,2010,171106
ago,female,2010,171851
cmr,female,2010,129989
caf,female,2010,43723
tcd,female,2010,230151
cog,female,2010,194068
cod,female,2010,304706
gnq,female,2010,3924
gab,female,2010,112149
stp,female,2010,1348
bwa,female,2010,40733
swz,female,2010,15847
lso,female,2010,2945
nam,female,2010,48023
zaf,female,2010,893062
ben,female,2010,165549
bfa,female,2010,353499
cpv,female,2010,7080
civ,female,2010,1056078
gmb,female,2010,87677
gha,female,2010,157370
gin,female,2010,85099
gnb,female,2010,10754
lbr,female,2010,42244
mli,female,2010,167309
mrt,female,2010,36074
ner,female,2010,66431
nga,female,2010,413008
shn,female,2010,112
sen,female,2010,120213
sle,female,2010,35540
tgo,female,2010,126061
dza,female,2010,102237
egy,female,2010,135913
lby,female,2010,194261
mar,female,2010,35171
sdn,female,2010,304157
tun,female,2010,20936
esh,female,2010,1881
arm,female,2010,125478
aze,female,2010,147389
bhr,female,2010,181951
cyp,female,2010,107935
geo,female,2010,41062
irq,female,2010,44424
isr,female,2010,1060263
jor,female,2010,1338670
kwt,female,2010,561723
lbn,female,2010,393297
omn,female,2010,157475
qat,female,2010,249842
sau,female,2010,2496675
pse,female,2010,143344
syr,female,2010,874557
tur,female,2010,741074
are,female,2010,1853251
yem,female,2010,132271
kaz,female,2010,1709782
kgz,female,2010,137469
tjk,female,2010,158028
tkm,female,2010,107345
uzb,female,2010,661770
afg,female,2010,44537
bgd,female,2010,634998
btn,female,2010,9137
ind,female,2010,2650010
irn,female,2010,1189838
mdv,female,2010,12947
npl,female,2010,389139
pak,female,2010,1867143
lka,female,2010,18265
chn,female,2010,344103
hkg,female,2010,1632411
mac,female,2010,172099
prk,female,2010,22244
jpn,female,2010,1161670
mng,female,2010,4182
kor,female,2010,394592
brn,female,2010,43864
khm,female,2010,38592
idn,female,2010,130552
lao,female,2010,12822
mys,female,2010,947418
mmr,female,2010,34840
phl,female,2010,100666
sgp,female,2010,1207938
tha,female,2010,1599376
tls,female,2010,5703
vnm,female,2010,25785
aia,female,2010,2688
atg,female,2010,14624
abw,female,2010,19016
bhs,female,2010,26858
brb,female,2010,18079
vgb,female,2010,8659
bes,female,2010,5915
cym,female,2010,11747
cub,female,2010,3736
nld_curacao,female,2010,20432
dma,female,2010,3910
dom,female,2010,154978
grd,female,2010,3517
glp,female,2010,52174
hti,female,2010,7630
jam,female,2010,11653
mtq,female,2010,33245
msr,female,2010,627
pri,female,2010,162030
kna,female,2010,3439
lca,female,2010,4674
vct,female,2010,2267
sxm,female,2010,13630
tto,female,2010,25074
tca,female,2010,8309
vir,female,2010,29962
blz,female,2010,22901
cri,female,2010,209531
slv,female,2010,21176
gtm,female,2010,35467
hnd,female,2010,12982
mex,female,2010,478847
nic,female,2010,18205
pan,female,2010,76378
arg,female,2010,974261
bol,female,2010,58466
bra,female,2010,272686
chl,female,2010,197277
col,female,2010,58649
ecu,female,2010,157593
flk,female,2010,629
guf,female,2010,49724
guy,female,2010,6103
pry,female,2010,76905
per,female,2010,48609
sur,female,2010,18055
ury,female,2010,41768
ven,female,2010,671086
aus,female,2010,2960950
nzl,female,2010,488396
fji,female,2010,6214
ncl,female,2010,28272
png,female,2010,11959
slb,female,2010,1214
vut,female,2010,1504
gum,female,2010,36492
kir,female,2010,1356
mhl,female,2010,1194
fsm,female,2010,1303
nru,female,2010,530
mnp,female,2010,13945
plw,female,2010,2279
asm,female,2010,11457
cok,female,2010,1874
pyf,female,2010,13603
niu,female,2010,270
wsm,female,2010,2528
tkl,female,2010,223
ton,female,2010,2104
tuv,female,2010,99
wlf,female,2010,804
blr,female,2010,590994
bgr,female,2010,42446
cze,female,2010,162333
hun,female,2010,226404
pol,female,2010,380154
mda,female,2010,77290
rou,female,2010,89544
rus,female,2010,5680309
svk,female,2010,79381
ukr,female,2010,2746293
chanisl,female,2010,40599
dnk,female,2010,258743
est,female,2010,130246
fro,female,2010,2396
fin,female,2010,113376
isl,female,2010,17472
irl,female,2010,370102
gbm,female,2010,22086
lva,female,2010,189111
ltu,female,2010,91166
nor,female,2010,258294
swe,female,2010,711846
gbr,female,2010,3665208
alb,female,2010,25883
and,female,2010,24766
bih,female,2010,20288
hrv,female,2010,304782
gib,female,2010,5198
grc,female,2010,680418
hos,female,2010,419
ita,female,2010,3124004
mlt,female,2010,15890
mne,female,2010,46873
mkd,female,2010,75634
prt,female,2010,391289
smr,female,2010,2119
srb,female,2010,461518
svn,female,2010,112501
esp,female,2010,3041827
aut,female,2010,667074
bel,female,2010,776925
fra,female,2010,3755459
deu,female,2010,4963574
lie,female,2010,11475
lux,female,2010,81722
mco,female,2010,10807
nld,female,2010,951246
che,female,2010,1069801
bmu,female,2010,9682
can,female,2010,3524687
grl,female,2010,1972
spm,female,2010,486
usa,female,2010,22489474
bdi,female,2015,147020
com,female,2015,6484
dji,female,2015,53270
eri,female,2015,7108
eth,female,2015,570233
ken,female,2015,563977
mdg,female,2015,13805
mwi,female,2015,121910
mus,female,2015,12753
myt,female,2015,39757
moz,female,2015,166284
reu,female,2015,62672
rwa,female,2015,258320
syc,female,2015,3837
som,female,2015,19406
ssd,female,2015,413173
uga,female,2015,435330
tza,female,2015,193950
zmb,female,2015,65456
zwe,female,2015,174829
ago,female,2015,327543
cmr,female,2015,257035
caf,female,2015,38435
tcd,female,2015,251328
cog,female,2015,176378
cod,female,2015,423434
gnq,female,2015,48084
gab,female,2015,134904
stp,female,2015,1197
bwa,female,2015,44499
swz,female,2015,15725
lso,female,2015,3014
nam,female,2015,46879
zaf,female,2015,1694595
ben,female,2015,194228
bfa,female,2015,369348
cpv,female,2015,7377
civ,female,2015,1101350
gmb,female,2015,91039
gha,female,2015,193718
gin,female,2015,52326
gnb,female,2015,11507
lbr,female,2015,48900
mli,female,2015,207286
mrt,female,2015,72482
ner,female,2015,133083
nga,female,2015,541228
shn,female,2015,126
sen,female,2015,125094
sle,female,2015,25745
tgo,female,2015,137844
dza,female,2015,112951
egy,female,2015,146208
lby,female,2015,221993
mar,female,2015,46037
sdn,female,2015,308638
tun,female,2015,27279
esh,female,2015,2120
arm,female,2015,113763
aze,female,2015,137641
bhr,female,2015,195171
cyp,female,2015,107867
geo,female,2015,43115
irq,female,2015,150148
isr,female,2015,1098828
jor,female,2015,1544849
kwt,female,2015,964281
lbn,female,2015,1024779
omn,female,2015,304226
qat,female,2015,271279
sau,female,2015,3309864
pse,female,2015,142270
syr,female,2015,426124
tur,female,2015,1956031
are,female,2015,2104956
yem,female,2015,180492
kaz,female,2015,1788232
kgz,female,2015,121766
tjk,female,2015,156462
tkm,female,2015,104845
uzb,female,2015,625152
afg,female,2015,241537
bgd,female,2015,670770
btn,female,2015,7710
ind,female,2015,2556280
irn,female,2015,1281184
mdv,female,2015,7928
npl,female,2015,353110
pak,female,2015,1661050
lka,female,2015,18961
chn,female,2015,377910
hkg,female,2015,1718708
mac,female,2015,201477
prk,female,2015,24348
jpn,female,2015,1182119
mng,female,2015,6602
kor,female,2015,501687
brn,female,2015,44552
khm,female,2015,34109
idn,female,2015,141407
lao,female,2015,16203
mys,female,2015,1284461
mmr,female,2015,33131
phl,female,2015,102079
sgp,female,2015,1420652
tha,female,2015,1735339
tls,female,2015,3372
vnm,female,2015,30625
aia,female,2015,2877
atg,female,2015,15559
abw,female,2015,20006
bhs,female,2015,29312
brb,female,2015,18987
vgb,female,2015,9702
bes,female,2015,6710
cym,female,2015,12779
cub,female,2015,3018
nld_curacao,female,2015,22144
dma,female,2015,3878
dom,female,2015,195841
grd,female,2015,3555
glp,female,2015,54649
hti,female,2015,8011
jam,female,2015,11401
mtq,female,2015,34742
msr,female,2015,655
pri,female,2015,149578
kna,female,2015,3527
lca,female,2015,4494
vct,female,2015,2282
sxm,female,2015,14218
tto,female,2015,25557
tca,female,2015,10964
vir,female,2015,29993
blz,female,2015,27172
cri,female,2015,214084
slv,female,2015,22049
gtm,female,2015,41216
hnd,female,2015,18201
mex,female,2015,512886
nic,female,2015,19539
pan,female,2015,89869
arg,female,2015,1125992
bol,female,2015,68050
bra,female,2015,329730
chl,female,2015,338283
col,female,2015,65026
ecu,female,2015,187161
flk,female,2015,698
guf,female,2015,55709
guy,female,2015,7155
pry,female,2015,75159
per,female,2015,63684
sur,female,2015,19583
ury,female,2015,43157
ven,female,2015,700990
aus,female,2015,3386400
nzl,female,2015,536949
fji,female,2015,6330
ncl,female,2015,32700
png,female,2015,12206
slb,female,2015,1135
vut,female,2015,1604
gum,female,2015,36843
kir,female,2015,1380
mhl,female,2015,1273
fsm,female,2015,1283
nru,female,2015,819
mnp,female,2015,12548
plw,female,2015,1941
asm,female,2015,11515
cok,female,2015,1736
pyf,female,2015,12922
niu,female,2015,269
wsm,female,2015,2104
tkl,female,2015,254
ton,female,2015,1796
tuv,female,2015,104
wlf,female,2015,521
blr,female,2015,586944
bgr,female,2015,63745
cze,female,2015,177226
hun,female,2015,239789
pol,female,2015,359614
mda,female,2015,62907
rou,female,2015,134290
rus,female,2015,5928065
svk,female,2015,88613
ukr,female,2015,2801218
chanisl,female,2015,42969
dnk,female,2015,304445
est,female,2015,114640
fro,female,2015,2702
fin,female,2015,155541
isl,female,2015,20002
irl,female,2015,382918
gbm,female,2015,21642
lva,female,2015,161407
ltu,female,2015,78513
nor,female,2015,357005
swe,female,2015,848237
gbr,female,2015,4387798
alb,female,2015,25514
and,female,2015,20779
bih,female,2015,20174
hrv,female,2015,300620
gib,female,2015,5474
grc,female,2015,672396
hos,female,2015,427
ita,female,2015,3167530
mlt,female,2015,24310
mne,female,2015,43541
mkd,female,2015,76234
prt,female,2015,466424
smr,female,2015,2328
srb,female,2015,452261
svn,female,2015,103156
esp,female,2015,3007208
aut,female,2015,775904
bel,female,2015,913499
fra,female,2015,4067759
deu,female,2015,5182457
lie,female,2015,12194
lux,female,2015,122759
mco,female,2015,13384
nld,female,2015,1044005
che,female,2015,1233151
bmu,female,2015,9790
can,female,2015,3895493
grl,female,2015,1985
spm,female,2015,470
usa,female,2015,24732004
bdi,female,2019,162855
com,female,2019,6457
dji,female,2019,54687
eri,female,2019,7179
eth,female,2019,615120
ken,female,2019,522533
mdg,female,2019,15037
mwi,female,2019,129720
mus,female,2019,12870
myt,female,2019,40106
moz,female,2019,172934
reu,female,2019,63629
rwa,female,2019,270015
syc,female,2019,3877
som,female,2019,24947
ssd,female,2019,423875
uga,female,2019,897546
tza,female,2019,257742
zmb,female,2019,84151
zwe,female,2019,177605
ago,female,2019,327760
cmr,female,2019,255515
caf,female,2019,42645
tcd,female,2019,275896
cog,female,2019,181904
cod,female,2019,499879
gnq,female,2019,52214
gab,female,2019,146705
stp,female,2019,1089
bwa,female,2019,47653
swz,female,2019,15728
lso,female,2019,3177
nam,female,2019,49623
zaf,female,2019,1873894
ben,female,2019,206519
bfa,female,2019,376508
cpv,female,2019,7742
civ,female,2019,1137566
gmb,female,2019,101854
gha,female,2019,217556
gin,female,2019,49947
gnb,female,2019,13926
lbr,female,2019,40591
mli,female,2019,230802
mrt,female,2019,75221
ner,female,2019,154735
nga,female,2019,567087
shn,female,2019,131
sen,female,2019,129243
sle,female,2019,23608
tgo,female,2019,137856
dza,female,2019,117479
egy,female,2019,233005
lby,female,2019,235543
mar,female,2019,49095
sdn,female,2019,615941
tun,female,2019,27711
esh,female,2019,2203
arm,female,2019,112158
aze,female,2019,132247
bhr,female,2019,205433
cyp,female,2019,106714
geo,female,2019,44452
irq,female,2019,153774
isr,female,2019,1068578
jor,female,2019,1661345
kwt,female,2019,1021042
lbn,female,2019,967998
omn,female,2019,374700
qat,female,2019,384010
sau,female,2019,4121156
pse,female,2019,141283
syr,female,2019,423138
tur,female,2019,2618617
are,female,2019,2261236
yem,female,2019,183214
kaz,female,2019,1868663
kgz,female,2019,119315
tjk,female,2019,155864
tkm,female,2019,102887
uzb,female,2019,623336
afg,female,2019,74788
bgd,female,2019,1061320
btn,female,2019,8034
ind,female,2019,2514224
irn,female,2019,1260410
mdv,female,2019,8540
npl,female,2019,342315
pak,female,2019,1543315
lka,female,2019,19109
chn,female,2019,398321
hkg,female,2019,1798925
mac,female,2019,214070
prk,female,2019,24817
jpn,female,2019,1290723
mng,female,2019,7014
kor,female,2019,510909
brn,female,2019,47981
khm,female,2019,36270
idn,female,2019,147684
lao,female,2019,17176
mys,female,2019,1333221
mmr,female,2019,34346
phl,female,2019,105291
sgp,female,2019,1205461
tha,female,2019,1809580
tls,female,2019,3331
vnm,female,2019,32017
aia,female,2019,2985
atg,female,2019,16181
abw,female,2019,20237
bhs,female,2019,31118
brb,female,2019,19169
vgb,female,2019,10536
bes,female,2019,7990
cym,female,2019,14147
cub,female,2019,2789
nld_curacao,female,2019,24070
dma,female,2019,3961
dom,female,2019,202387
grd,female,2019,3588
glp,female,2019,55493
hti,female,2019,8330
jam,female,2019,11548
mtq,female,2019,34694
msr,female,2019,666
pri,female,2019,142848
kna,female,2019,3595
lca,female,2019,4357
vct,female,2019,2294
sxm,female,2019,14720
tto,female,2019,30135
tca,female,2019,11839
vir,female,2019,30005
blz,female,2019,29818
cri,female,2019,215834
slv,female,2019,22348
gtm,female,2019,42304
hnd,female,2019,18493
mex,female,2019,528795
nic,female,2019,20468
pan,female,2019,90676
arg,female,2019,1194306
bol,female,2019,74296
bra,female,2019,371345
chl,female,2019,497063
col,female,2019,566514
ecu,female,2019,184345
flk,female,2019,845
guf,female,2019,61621
guy,female,2019,7301
pry,female,2019,77107
per,female,2019,357852
sur,female,2019,20930
ury,female,2019,44494
ven,female,2019,689715
aus,female,2019,3804832
nzl,female,2019,551925
fji,female,2019,6462
ncl,female,2019,34553
png,female,2019,12268
slb,female,2019,1111
vut,female,2019,1633
gum,female,2019,38661
kir,female,2019,1428
mhl,female,2019,1277
fsm,female,2019,1311
nru,female,2019,908
mnp,female,2019,12644
plw,female,2019,2191
asm,female,2019,11527
cok,female,2019,1743
pyf,female,2019,13414
niu,female,2019,269
wsm,female,2019,1997
tkl,female,2019,262
ton,female,2019,1704
tuv,female,2019,107
wlf,female,2019,506
blr,female,2019,579625
bgr,female,2019,85798
cze,female,2019,219460
hun,female,2019,258159
pol,female,2019,366231
mda,female,2019,61874
rou,female,2019,213701
rus,female,2019,5926680
svk,female,2019,91974
ukr,female,2019,2829229
chanisl,female,2019,43765
dnk,female,2019,365512
est,female,2019,109626
fro,female,2019,3167
fin,female,2019,186928
isl,female,2019,24850
irl,female,2019,419112
gbm,female,2019,21963
lva,female,2019,143870
ltu,female,2019,67925
nor,female,2019,416166
swe,female,2019,996674
gbr,female,2019,4970114
alb,female,2019,24106
and,female,2019,22011
bih,female,2019,18718
hrv,female,2019,278402
gib,female,2019,5526
grc,female,2019,651174
hos,female,2019,426
ita,female,2019,3365603
mlt,female,2019,38963
mne,female,2019,42985
mkd,female,2019,76493
prt,female,2019,476412
smr,female,2019,2571
srb,female,2019,459096
svn,female,2019,110496
esp,female,2019,3190456
aut,female,2019,906321
bel,female,2019,1002728
fra,female,2019,4315585
deu,female,2019,6250156
lie,female,2019,13061
lux,female,2019,143053
mco,female,2019,13660
nld,female,2019,1179787
che,female,2019,1306686
bmu,female,2019,9897
can,female,2019,4174467
grl,female,2019,1948
spm,female,2019,471
usa,female,2019,26172767
